SNo,Name,Symbol,Date,High,Low,Open,Close,Volume,Marketcap
1,Solana,SOL,21-08-2020 23:59,3.22E+11,2.91E+11,3.21E+11,2.94E+11,1.18E+14,9.27E+14
2,Solana,SOL,22-08-2020 23:59,3.19E+11,27573269666,2.95E+11,3.02E+11,1.03E+14,9.51E+14
3,Solana,SOL,23-08-2020 23:59,3.40E+11,3.02E+11,3.02E+11,3.32E+11,1.20E+14,1.05E+14
4,Solana,SOL,24-08-2020 23:59,3.61E+11,3.22E+11,3.31E+11,3.34E+11,1.58E+14,1.06E+14
5,Solana,SOL,25-08-2020 23:59,3.36E+11,3.03E+11,3.35E+11,3.26E+11,1.34E+13,1.04E+14
6,Solana,SOL,26-08-2020 23:59,3.80E+11,3.19E+11,3.27E+11,3.56E+11,2.21E+14,1.14E+14
7,Solana,SOL,27-08-2020 23:59,3.85E+11,3.29E+11,3.56E+11,3.45E+11,2.10E+14,1.11E+13
8,Solana,SOL,28-08-2020 23:59,4.31E+11,3.45E+11,34524946514,40113925268,2.72E+14,1.30E+14
9,Solana,SOL,29-08-2020 23:59,4.11E+11,3.79E+11,4.01E+11,3.97E+11,1.46E+14,1.29E+14
10,Solana,SOL,30-08-2020 23:59,4.71E+11,3.92E+11,3.97E+11,4.44E+11,2.22E+14,1.44E+13
11,Solana,SOL,31-08-2020 23:59,4.87E+11,4.11E+11,4.42E+11,4.78E+11,2.10E+14,1.55E+14
12,Solana,SOL,01-09-2020 23:59,4.94E+11,4.34E+11,4.78E+11,4.34E+11,1.69E+14,1.42E+14
13,Solana,SOL,02-09-2020 23:59,4.36E+11,3.71E+11,4.35E+11,4.16E+11,2.37E+14,1.37E+14
14,Solana,SOL,03-09-2020 23:59,4.44E+11,3.53E+11,4.17E+11,3.53E+11,2.65E+14,1.18E+14
15,Solana,SOL,04-09-2020 23:59,38341037395,3.20E+11,3.52E+11,3.55E+11,1.77E+14,1.19E+14
16,Solana,SOL,05-09-2020 23:59,3.66E+11,2.19E+11,3.55E+11,2.60E+11,2.51E+14,8.73E+14
17,Solana,SOL,06-09-2020 23:59,3.18E+11,22881912589,2.60E+11,3.09E+11,2.04E+14,1.04E+14
18,Solana,SOL,07-09-2020 23:59,3.19E+11,2.39E+11,30860842934,29285280901,1.71E+13,9.99E+14
19,Solana,SOL,08-09-2020 23:59,2.94E+11,23986406226,2.93E+11,24689767582,1.02E+14,8.48E+14
20,Solana,SOL,09-09-2020 23:59,37517156829,2.39E+11,24711781185,3.64E+11,5.24E+13,1.26E+14
21,Solana,SOL,10-09-2020 23:59,3.85E+11,3.32E+11,3.64E+11,34698368119,3.12E+14,1.21E+13
22,Solana,SOL,11-09-2020 23:59,3.50E+11,3.04E+11,3.47E+11,3.43E+11,1.71E+14,1.20E+14
23,Solana,SOL,12-09-2020 23:59,3.47E+11,3.15E+11,3.42E+11,33326599913,1.04E+14,1.17E+14
24,Solana,SOL,13-09-2020 23:59,3.47E+11,3.01E+11,3.34E+11,3.23E+11,1.53E+14,1.13E+14
25,Solana,SOL,14-09-2020 23:59,3.52E+11,3.09E+11,3.23E+11,3.27E+11,2.13E+14,1.19E+13
26,Solana,SOL,15-09-2020 23:59,3.32E+11,2.92E+11,3.27E+11,2.94E+11,1.20E+14,1.08E+14
27,Solana,SOL,16-09-2020 23:59,2.94E+11,24538387192,2.94E+11,2.55E+11,2.42E+14,9.39E+14
28,Solana,SOL,17-09-2020 23:59,29341024459,2.37E+11,2.55E+11,2.89E+11,2.38E+14,1.07E+13
29,Solana,SOL,18-09-2020 23:59,3.16E+11,27416758717,2.89E+11,3.11E+11,2.35E+14,1.16E+14
30,Solana,SOL,19-09-2020 23:59,32534204148,2.97E+11,3.11E+11,3.03E+11,1.08E+14,1.13E+14
31,Solana,SOL,20-09-2020 23:59,3.03E+11,2.72E+11,3.03E+11,28709033938,9.22E+14,1.07E+14
32,Solana,SOL,21-09-2020 23:59,3.03E+11,2.50E+11,28709033938,2.78E+11,1.95E+14,1.05E+12
33,Solana,SOL,22-09-2020 23:59,29943702542,2.67E+11,2.77E+11,2915519109,1.86E+14,1.10E+14
34,Solana,SOL,23-09-2020 23:59,306533837,274630293,293035489,283675707,1.61E+15,1.08E+16
35,Solana,SOL,24-09-2020 23:59,325156306,279564658,28381205,313271463,1.90E+15,1.19E+16
36,Solana,SOL,25-09-2020 23:59,32651654,291177164,314554425,318861239,1.59E+15,1.22E+16
37,Solana,SOL,26-09-2020 23:59,320390555,304126653,318803034,313470267,1.10E+15,1.21E+16
38,Solana,SOL,27-09-2020 23:59,317349913,301055105,313383751,315294678,9.73E+14,1.23E+16
39,Solana,SOL,28-09-2020 23:59,320419115,293595445,315270485,295667817,1.10E+15,1.17E+16
40,Solana,SOL,29-09-2020 23:59,301009535,29017903,295836068,294643322,8.82E+14,1.18E+16
41,Solana,SOL,30-09-2020 23:59,297934849,283566951,294907405,289787636,7.77E+14,1.17E+16
42,Solana,SOL,01-10-2020 23:59,298583389,265739801,289816187,286102773,1.08E+15,1.16E+16
43,Solana,SOL,02-10-2020 23:59,287663497,245779116,286419729,262608296,1.59E+15,1.08E+16
44,Solana,SOL,03-10-2020 23:59,266949457,25473028,262733511,25473028,6.16E+14,1.04E+16
45,Solana,SOL,04-10-2020 23:59,258803611,242888892,254301234,251599459,7.08E+14,1.04E+15
46,Solana,SOL,05-10-2020 23:59,266262353,246732033,25191348,265764391,8.11E+13,1.10E+16
47,Solana,SOL,06-10-2020 23:59,265519989,214769193,265519989,217625031,9.74E+12,9.07E+15
48,Solana,SOL,07-10-2020 23:59,239193728,209576005,217580888,229179581,1.18E+15,9.67E+14
49,Solana,SOL,08-10-2020 23:59,243061025,202852581,229998163,236522028,1.49E+15,1.00E+15
50,Solana,SOL,09-10-2020 23:59,262526821,231709043,236774234,253985887,1.20E+15,1.08E+16
51,Solana,SOL,10-10-2020 23:59,259409546,240317166,253693313,240608988,8.84E+14,1.02E+16
52,Solana,SOL,11-10-2020 23:59,245756612,234492143,240736736,242657824,7.17E+14,1.03E+16
53,Solana,SOL,12-10-2020 23:59,269863904,241586194,242611451,258707246,1.23E+15,1.10E+16
54,Solana,SOL,13-10-2020 23:59,258489141,234817094,258489141,240491019,1.14E+15,1.04E+16
55,Solana,SOL,14-10-2020 23:59,24366138,224625651,240819629,231463525,9.44E+14,1.01E+16
56,Solana,SOL,15-10-2020 23:59,233579578,220341796,231480004,226643616,8.33E+14,9.86E+15
57,Solana,SOL,16-10-2020 23:59,22656708,212792144,226520031,21493861,1.36E+15,9.35E+13
58,Solana,SOL,17-10-2020 23:59,223830479,213240858,214563569,220184324,6.61E+14,9.58E+15
59,Solana,SOL,18-10-2020 23:59,224884625,217832695,220274967,221426738,6.29E+14,9.64E+14
60,Solana,SOL,19-10-2020 23:59,221351195,205321062,221337207,205807954,8.25E+14,8.96E+15
61,Solana,SOL,20-10-2020 23:59,209786117,185415368,205810177,188867176,1.31E+15,8.27E+15
62,Solana,SOL,21-10-2020 23:59,206620621,186123476,188861172,189037825,1.93E+15,8.27E+15
63,Solana,SOL,22-10-2020 23:59,208243359,188981692,189037216,195565252,1.14E+15,8.66E+15
64,Solana,SOL,23-10-2020 23:59,198477147,18533095,195706771,196003515,1.15E+15,8.73E+14
65,Solana,SOL,24-10-2020 23:59,196165021,188234354,196003515,191182801,7.58E+14,8.51E+15
66,Solana,SOL,25-10-2020 23:59,192294152,176864379,191182801,178745942,9.09E+14,8.00E+15
67,Solana,SOL,26-10-2020 23:59,186298989,162936547,178745942,168546625,1.34E+15,7.63E+15
68,Solana,SOL,27-10-2020 23:59,174540288,160528662,168546624,171023239,1.44E+15,7.83E+14
69,Solana,SOL,28-10-2020 23:59,171902702,139457221,171023239,149005343,1.71E+15,6.82E+14
70,Solana,SOL,29-10-2020 23:59,156689179,141242636,149005346,142893639,8.02E+14,6.54E+14
71,Solana,SOL,30-10-2020 23:59,146731855,134221311,142893639,144133589,8.53E+14,6.60E+15
72,Solana,SOL,31-10-2020 23:59,154932692,14298941,144133589,154069959,6.45E+14,7.05E+15
73,Solana,SOL,01-11-2020 23:59,163790251,15135429,154069959,15998403,6.88E+14,7.33E+14
74,Solana,SOL,02-11-2020 23:59,163017961,146769542,15998403,147407225,6.37E+14,6.75E+14
75,Solana,SOL,03-11-2020 23:59,148050074,141218556,147407225,141223396,6.54E+14,6.48E+14
76,Solana,SOL,04-11-2020 23:59,141289802,128186754,141223396,139225494,1.14E+15,6.39E+15
77,Solana,SOL,05-11-2020 23:59,148617047,130382463,139225494,140521805,8.92E+14,6.45E+15
78,Solana,SOL,06-11-2020 23:59,194070665,14000105,140521805,191374,2.25E+14,8.78E+15
79,Solana,SOL,07-11-2020 23:59,248136883,18448312,191374,203196386,5.14E+15,9.32E+15
80,Solana,SOL,08-11-2020 23:59,226477908,197440202,203196386,215659813,2.59E+15,9.90E+15
81,Solana,SOL,09-11-2020 23:59,218931332,195875292,215659813,202865216,1.82E+15,9.31E+15
82,Solana,SOL,10-11-2020 23:59,230798752,201232067,202865214,2247987,1.62E+15,1.03E+16
83,Solana,SOL,11-11-2020 23:59,228414065,197416514,224798704,20021245,1.39E+15,9.19E+15
84,Solana,SOL,12-11-2020 23:59,205029785,183172821,20021245,189913759,1.15E+15,8.72E+15
85,Solana,SOL,13-11-2020 23:59,206111583,189913758,189913758,202079216,1.16E+15,9.28E+15
86,Solana,SOL,14-11-2020 23:59,203349056,18752786,202079216,191701557,8.13E+14,8.80E+15
87,Solana,SOL,15-11-2020 23:59,220905889,191684762,191701557,204323394,1.86E+15,9.38E+15
88,Solana,SOL,16-11-2020 23:59,236021108,199485284,204323394,225535545,2.22E+15,1.04E+16
89,Solana,SOL,17-11-2020 23:59,231818626,213258981,228108028,220218147,1.71E+15,1.01E+16
90,Solana,SOL,18-11-2020 23:59,220592249,201269296,220218147,211502872,1.46E+15,9.71E+15
91,Solana,SOL,19-11-2020 23:59,217502241,201816579,211502868,207676865,1.02E+15,9.53E+14
92,Solana,SOL,20-11-2020 23:59,223039141,205697179,207676865,209539164,1.11E+15,9.62E+15
93,Solana,SOL,21-11-2020 23:59,249882755,204852394,209539164,238220531,2.03E+15,1.09E+16
94,Solana,SOL,22-11-2020 23:59,240382123,205393793,238220531,214484477,1.64E+15,9.87E+15
95,Solana,SOL,23-11-2020 23:59,23515985,212031471,214484476,227637688,1.55E+15,1.05E+16
96,Solana,SOL,24-11-2020 23:59,246638443,214379452,227724054,226796698,2.50E+15,1.04E+16
97,Solana,SOL,25-11-2020 23:59,247758651,218277698,226948514,227003407,2.49E+15,1.04E+16
98,Solana,SOL,26-11-2020 23:59,229170177,174149279,226653371,190303693,3.30E+15,8.76E+15
99,Solana,SOL,27-11-2020 23:59,197065316,178036344,190333468,185794881,1.33E+15,8.55E+15
100,Solana,SOL,28-11-2020 23:59,193971542,181071037,185982503,188893452,1.17E+15,8.69E+15
101,Solana,SOL,29-11-2020 23:59,194388507,185722661,18879127,19151547,6.14E+14,8.81E+15
102,Solana,SOL,30-11-2020 23:59,201359128,191193024,191514202,196689116,8.72E+14,9.10E+15
103,Solana,SOL,01-12-2020 23:59,213034079,193226448,196832128,197630826,1.28E+15,9.14E+15
104,Solana,SOL,02-12-2020 23:59,218743712,195669982,197726604,211540134,1.58E+15,9.79E+15
105,Solana,SOL,03-12-2020 23:59,222130954,208502961,211711685,210037052,1.81E+15,9.72E+14
106,Solana,SOL,04-12-2020 23:59,21120709,184734502,209860247,185595318,9.02E+14,8.59E+15
107,Solana,SOL,05-12-2020 23:59,198072151,182549378,185596843,19787738,7.75E+14,9.15E+15
108,Solana,SOL,06-12-2020 23:59,198389847,181585445,197865844,185424895,7.17E+14,8.58E+15
109,Solana,SOL,07-12-2020 23:59,189568762,180948486,18534511,183117262,6.43E+14,8.47E+15
110,Solana,SOL,08-12-2020 23:59,183158113,164510584,183122209,166535169,1.13E+14,7.70E+15
111,Solana,SOL,09-12-2020 23:59,167427719,150367604,166462243,16623035,1.05E+15,7.69E+14
112,Solana,SOL,10-12-2020 23:59,166513513,154524047,166241416,157415052,6.17E+14,7.28E+15
113,Solana,SOL,11-12-2020 23:59,157670934,144060217,157236639,144458505,8.27E+14,6.68E+14
114,Solana,SOL,12-12-2020 23:59,153742939,144070645,144158958,14909121,7.09E+14,6.90E+14
115,Solana,SOL,13-12-2020 23:59,164291571,145811848,14907147,156545586,8.39E+14,7.24E+15
116,Solana,SOL,14-12-2020 23:59,162286872,152369835,156796842,15916455,8.67E+14,7.40E+15
117,Solana,SOL,15-12-2020 23:59,179941298,158926257,159103004,176067126,1.95E+15,8.20E+14
118,Solana,SOL,16-12-2020 23:59,178758439,161001834,176009215,178359783,1.83E+15,8.31E+15
119,Solana,SOL,17-12-2020 23:59,180312043,165521696,178389234,167863414,1.55E+15,7.82E+15
120,Solana,SOL,18-12-2020 23:59,170632716,163698718,167902372,169879993,7.88E+14,7.91E+14
121,Solana,SOL,19-12-2020 23:59,176425374,166426344,169926697,166865052,9.10E+14,7.77E+15
122,Solana,SOL,20-12-2020 23:59,168443034,152771357,167071446,156357617,9.09E+14,7.28E+15
123,Solana,SOL,21-12-2020 23:59,161832646,149515066,156377465,15419152,8.33E+14,7.18E+15
124,Solana,SOL,22-12-2020 23:59,157408037,147448471,153960926,149028596,1.11E+15,6.94E+15
125,Solana,SOL,23-12-2020 23:59,151058483,109016138,149022047,120569231,1.68E+15,5.61E+15
126,Solana,SOL,24-12-2020 23:59,138366788,117300697,120770464,13624084,9.24E+14,6.34E+14
127,Solana,SOL,25-12-2020 23:59,145292425,134723574,136149641,144540315,9.36E+14,6.73E+14
128,Solana,SOL,26-12-2020 23:59,144751724,131342435,144601353,13242381,6.80E+14,6.17E+15
129,Solana,SOL,27-12-2020 23:59,140874461,126825036,132507424,130304194,1.23E+15,6.07E+15
130,Solana,SOL,28-12-2020 23:59,151703752,129434876,130399327,15156849,1.27E+15,7.06E+14
131,Solana,SOL,29-12-2020 23:59,172758155,143971994,151546171,167434488,2.64E+15,7.80E+15
132,Solana,SOL,30-12-2020 23:59,168079114,152983347,166969419,153545722,1.27E+15,7.15E+14
133,Solana,SOL,31-12-2020 23:59,15506101,1430263,153560627,151089796,1.28E+15,7.04E+15
134,Solana,SOL,01-01-2021 23:59,18596563,150203819,150977505,184208404,2.57E+14,8.58E+14
135,Solana,SOL,02-01-2021 23:59,198929513,172148226,184558571,179927479,3.17E+15,8.38E+15
136,Solana,SOL,03-01-2021 23:59,236498131,179990169,179990169,216175192,5.51E+15,1.01E+16
137,Solana,SOL,04-01-2021 23:59,248509738,187634191,216241208,248509738,6.00E+15,1.16E+16
138,Solana,SOL,05-01-2021 23:59,25026164,207774168,249098205,215721704,5.06E+15,1.00E+16
139,Solana,SOL,06-01-2021 23:59,218589242,190758532,215962593,192921661,5.03E+15,8.98E+14
140,Solana,SOL,07-01-2021 23:59,261183107,193304323,193658582,237274497,1.60E+15,6.21E+14
141,Solana,SOL,08-01-2021 23:59,377931969,218092864,236873958,321988746,2.06E+15,8.43E+15
142,Solana,SOL,09-01-2021 23:59,366278779,293830706,322354051,338538175,9.19E+13,8.87E+15
143,Solana,SOL,10-01-2021 23:59,373355136,319623456,339002648,346611077,6.28E+15,9.08E+15
144,Solana,SOL,11-01-2021 23:59,35135707,259712418,346106454,310808978,8.29E+14,8.14E+15
145,Solana,SOL,12-01-2021 23:59,384441586,308003501,310368771,361339822,7.35E+15,9.46E+15
146,Solana,SOL,13-01-2021 23:59,362882465,32749211,362838265,351378151,5.80E+15,9.20E+15
147,Solana,SOL,14-01-2021 23:59,354286624,318197394,351603553,327816427,5.93E+15,8.59E+15
148,Solana,SOL,15-01-2021 23:59,34359218,29851908,328039932,325016139,4.53E+15,8.51E+15
149,Solana,SOL,16-01-2021 23:59,370323219,324893408,324893408,344705468,6.80E+15,9.03E+15
150,Solana,SOL,17-01-2021 23:59,396537224,331974552,343486962,38181391,8.54E+15,1.00E+16
151,Solana,SOL,18-01-2021 23:59,414791988,365576095,382213112,379551495,7.06E+15,9.94E+14
152,Solana,SOL,19-01-2021 23:59,403144938,360902285,379204335,364186566,4.45E+15,9.54E+15
153,Solana,SOL,20-01-2021 23:59,373700272,334408399,363557521,372357809,4.67E+15,9.75E+15
154,Solana,SOL,21-01-2021 23:59,373432626,298269599,372166979,29905359,4.38E+15,7.83E+15
155,Solana,SOL,22-01-2021 23:59,349714626,25409861,298991993,334622852,6.34E+15,8.76E+15
156,Solana,SOL,23-01-2021 23:59,359730162,331576248,334103533,350411155,2.79E+14,9.18E+15
157,Solana,SOL,24-01-2021 23:59,379304897,348949442,350710975,363441116,3.27E+15,9.52E+15
158,Solana,SOL,25-01-2021 23:59,397435677,345130995,363464538,369998081,8.01E+14,9.69E+15
159,Solana,SOL,26-01-2021 23:59,409691637,368263202,369895927,404734996,7.88E+15,1.06E+16
160,Solana,SOL,27-01-2021 23:59,404863024,353160203,404863024,369058715,3.52E+15,9.67E+14
161,Solana,SOL,28-01-2021 23:59,39434911,360988056,368637,382207194,3141052672,1.00E+11
162,Solana,SOL,29-01-2021 23:59,389260163,363938585,386158092,383467598,4405315139,1.00E+11
163,Solana,SOL,30-01-2021 23:59,431197598,377410389,383768176,422427558,5337819761,1.11E+11
164,Solana,SOL,31-01-2021 23:59,478701008,417049821,423731385,426414404,7837626682,1.12E+11
165,Solana,SOL,01-02-2021 23:59,461160184,411825506,426125135,461160184,3936162864,1.21E+11
166,Solana,SOL,02-02-2021 23:59,540364154,448011942,46137412,52675076,987559618,1.38E+11
167,Solana,SOL,03-02-2021 23:59,578078094,507273844,524659151,571598986,4938632692,1.50E+11
168,Solana,SOL,04-02-2021 23:59,653101104,560323641,57317481,642606479,10824948151,1.68E+11
169,Solana,SOL,05-02-2021 23:59,712711657,642644747,643536976,66817203,9289215708,1.75E+11
170,Solana,SOL,06-02-2021 23:59,679913067,571382828,668730089,611080668,10236549354,1.60E+11
171,Solana,SOL,07-02-2021 23:59,687151352,576859219,611764462,670046276,10545110252,1.75E+11
172,Solana,SOL,08-02-2021 23:59,805593329,64889284,670244728,78832496,15525426078,2.06E+11
173,Solana,SOL,09-02-2021 23:59,846778443,757021459,78697953,781679279,12103787269,2.05E+11
174,Solana,SOL,10-02-2021 23:59,907260413,761384712,78185524,907221406,12067990164,23760141060
175,Solana,SOL,11-02-2021 23:59,970700402,876131606,908035651,921535212,5360004753,2.41E+11
176,Solana,SOL,12-02-2021 23:59,992445233,907901215,921479001,924701198,9148466366,2.42E+11
177,Solana,SOL,13-02-2021 23:59,949903879,868300856,923603303,873245491,9141796769,2.29E+11
178,Solana,SOL,14-02-2021 23:59,92203002,85597149,874298943,873889575,9350042271,2.29E+11
179,Solana,SOL,15-02-2021 23:59,931063831,784047064,872426582,88617388,10985463459,2.32E+11
180,Solana,SOL,16-02-2021 23:59,898036803,798355724,886074792,829786719,7162520452,2.17E+11
181,Solana,SOL,17-02-2021 23:59,843329825,754439928,829868913,822257719,8994857767,2.15E+11
182,Solana,SOL,18-02-2021 23:59,927917537,823287085,823287085,898045215,773067704,2.35E+11
183,Solana,SOL,19-02-2021 23:59,1168057695,85569807,897997007,1146565287,26117571073,3.00E+11
184,Solana,SOL,20-02-2021 23:59,1178673714,981585439,1147808705,1000266398,14026480998,2.62E+11
185,Solana,SOL,21-02-2021 23:59,1164028854,988704665,998755024,1108551283,13774236613,2.90E+11
186,Solana,SOL,22-02-2021 23:59,145456406,925590402,1107303597,1445478487,57413624077,3.79E+11
187,Solana,SOL,23-02-2021 23:59,1574337116,1159989436,1442162567,1520153822,48525284629,3.98E+11
188,Solana,SOL,24-02-2021 23:59,1814662172,1486179947,152138421,1730270709,37543970661,45315813567
189,Solana,SOL,25-02-2021 23:59,1769544462,1379591349,1723018337,1381601413,36450527574,3.62E+11
190,Solana,SOL,26-02-2021 23:59,1548370533,1312014142,1386589069,1358794089,28968732845,3.56E+11
191,Solana,SOL,27-02-2021 23:59,146120646,130572728,1360157446,1320116764,24764093978,3.46E+11
192,Solana,SOL,28-02-2021 23:59,1377901631,1148998276,1320776666,1308924694,30049322601,3.43E+11
193,Solana,SOL,01-03-2021 23:59,1551605721,1305738542,1310843535,1495558764,30645169303,3.92E+11
194,Solana,SOL,02-03-2021 23:59,1522412493,1346074941,1496684488,1395892139,1785498515,3.66E+11
195,Solana,SOL,03-03-2021 23:59,1472935857,1376704854,1396353988,1411559058,15383074214,3.70E+11
196,Solana,SOL,04-03-2021 23:59,1426036093,1277126993,1409486709,1309798332,11636446582,3.43E+11
197,Solana,SOL,05-03-2021 23:59,1307986249,1218460827,1306630579,1261044281,9097840801,3.30E+11
198,Solana,SOL,06-03-2021 23:59,1327048096,1190122772,1256993741,1303645795,1188515461,3.41E+11
199,Solana,SOL,07-03-2021 23:59,1399690288,1272638542,1304392705,1387773227,11754817621,3.63E+11
200,Solana,SOL,08-03-2021 23:59,1387082582,1308228903,138268153,1360218776,11552565869,3.56E+11
201,Solana,SOL,09-03-2021 23:59,1498644427,1332018701,1361529099,1484631098,13486704368,3.95E+11
202,Solana,SOL,10-03-2021 23:59,1518793776,1407906427,1485092886,1423108356,10315090084,3.79E+11
203,Solana,SOL,11-03-2021 23:59,1623939925,1370422614,1421983747,1599227934,2292725156,4.27E+11
204,Solana,SOL,12-03-2021 23:59,1648579592,1411122934,1602091887,14552142,18528745696,3.89E+11
205,Solana,SOL,13-03-2021 23:59,1539439844,1392005572,1456380277,1530880274,1451027574,4.09E+11
206,Solana,SOL,14-03-2021 23:59,1534983211,1437876449,1530158118,1450826599,902328035,3.88E+11
207,Solana,SOL,15-03-2021 23:59,1479047269,1369805655,1447712718,1418666194,10260069155,3.79E+11
208,Solana,SOL,16-03-2021 23:59,1428289603,13229815,1416391157,1362277289,11230359008,3.64E+11
209,Solana,SOL,17-03-2021 23:59,1426679703,1313052874,13634964,1422020281,9469633879,3.80E+11
210,Solana,SOL,18-03-2021 23:59,1474547686,1382728428,1421067697,1423002516,7907426262,3.80E+11
211,Solana,SOL,19-03-2021 23:59,1448821877,1393245789,1423265017,1420479642,6871521103,3.80E+11
212,Solana,SOL,20-03-2021 23:59,1497821822,1415204483,1419582599,1421198148,6804968297,3.80E+11
213,Solana,SOL,21-03-2021 23:59,1436572264,1366825372,1421832785,1433220593,6422933803,3.83E+11
214,Solana,SOL,22-03-2021 23:59,1659987282,1420288587,1435027814,1491929305,26099513625,3.99E+11
215,Solana,SOL,23-03-2021 23:59,152437087,1409705679,1484861937,1420483076,10678066198,3.80E+11
216,Solana,SOL,24-03-2021 23:59,1537143084,1366129764,1419039605,1366129764,11881369026,36498712664
217,Solana,SOL,25-03-2021 23:59,1370525009,1261472537,1365058628,1302508469,11627794287,3.48E+11
218,Solana,SOL,26-03-2021 23:59,1480429436,1237045803,1301952768,1477942113,14998731922,3.95E+11
219,Solana,SOL,27-03-2021 23:59,1680416436,1475804617,1478624602,1650832188,22387258673,4.43E+11
220,Solana,SOL,28-03-2021 23:59,1938600611,1634500899,1647942327,1801623371,42612006211,4.83E+11
221,Solana,SOL,29-03-2021 23:59,1898784228,1770036375,1808330268,1885480803,21674860052,5.06E+11
222,Solana,SOL,30-03-2021 23:59,2086947517,1889140274,1889140274,192339251,26402842663,5.16E+11
223,Solana,SOL,31-03-2021 23:59,1979580246,1815625631,1910168383,1946522941,20601101773,5.22E+11
224,Solana,SOL,01-04-2021 23:59,203615394,1884424514,1941568124,1908490113,17373188557,5.12E+11
225,Solana,SOL,02-04-2021 23:59,1982457274,18568419,1908463141,1981022269,13106165984,5.31E+11
226,Solana,SOL,03-04-2021 23:59,23827189,1978944967,1979645158,2255227712,48305773957,6.05E+11
227,Solana,SOL,04-04-2021 23:59,2556953325,2221296864,2252737075,2406132316,42655798035,64552696141
228,Solana,SOL,05-04-2021 23:59,247776371,2280645173,2392883933,2298428282,26408532941,6.17E+11
229,Solana,SOL,06-04-2021 23:59,2534652466,2187661417,2297784134,2495714641,32088693482,6.70E+11
230,Solana,SOL,07-04-2021 23:59,2748761542,2308935918,2514556002,2647807994,67684622132,7.11E+11
231,Solana,SOL,08-04-2021 23:59,2797001131,2572493627,2651459375,2703398715,37798832749,7.26E+11
232,Solana,SOL,09-04-2021 23:59,2901473425,2690382587,2698580398,2777827443,28247793807,74561496195
233,Solana,SOL,10-04-2021 23:59,2825796994,2596322662,2764971179,2684140371,27023525775,7.25E+11
234,Solana,SOL,11-04-2021 23:59,2868722768,2557831877,2680805019,279318899,23293876218,75421396232
235,Solana,SOL,12-04-2021 23:59,2986230248,2684274156,2791836766,2851212449,3088045459,7.70E+11
236,Solana,SOL,13-04-2021 23:59,2879794156,2641760298,2854101244,2743555345,25818391226,7.41E+11
237,Solana,SOL,14-04-2021 23:59,2748269178,2479202053,274000051,2647511075,3425658053,71487792045
238,Solana,SOL,15-04-2021 23:59,2824940016,2553941458,2643684327,2781831384,22134673891,7.51E+11
239,Solana,SOL,16-04-2021 23:59,2822687963,2497291816,2782032255,2539736605,24066535149,6.86E+11
240,Solana,SOL,17-04-2021 23:59,2681976653,2509987446,2536920612,2509987446,20172037563,6.78E+11
241,Solana,SOL,18-04-2021 23:59,3290256908,215392092,2513550181,3230291905,1.16E+11,8.72E+11
242,Solana,SOL,19-04-2021 23:59,3608025911,2992590848,3233952237,3167589453,1.22E+11,8.55E+11
243,Solana,SOL,20-04-2021 23:59,3269721814,2893257221,314762886,3177005352,79300815445,8.58E+11
244,Solana,SOL,21-04-2021 23:59,3500430246,301674914,3168153748,325130438,72913014056,8.78E+11
245,Solana,SOL,22-04-2021 23:59,4097186247,3160069045,3268343072,3887975927,1.64E+11,1.05E+12
246,Solana,SOL,23-04-2021 23:59,4146325941,3166427002,3889918232,3697842065,1.61E+11,9.98E+11
247,Solana,SOL,24-04-2021 23:59,4353222132,3468329376,3725749642,4073731561,1.10E+11,1.10E+12
248,Solana,SOL,25-04-2021 23:59,4843426663,4051201668,4084547073,473676269,1.58E+11,1.28E+12
249,Solana,SOL,26-04-2021 23:59,4831078375,4337172735,4754185509,4397651543,1.36E+11,1.19E+12
250,Solana,SOL,27-04-2021 23:59,4654860972,4255732682,4389356993,432390029,90489199611,1.17E+12
251,Solana,SOL,28-04-2021 23:59,4691656515,4067207182,4316144021,4482598502,1.02E+11,1.21E+12
252,Solana,SOL,29-04-2021 23:59,4607149061,4095098379,4484995016,4246054046,77225930698,1.15E+12
253,Solana,SOL,30-04-2021 23:59,4427015223,4124350335,425000457,4295600088,53497643719,1.16E+12
254,Solana,SOL,01-05-2021 23:59,4984457903,4203086492,428933369,4950802136,85952442256,1.35E+12
255,Solana,SOL,02-05-2021 23:59,4989667224,4598182211,4950080424,4689098709,57107218745,1.28E+12
256,Solana,SOL,03-05-2021 23:59,4900945447,4504447696,4690397832,4593368941,60919425188,1.25E+12
257,Solana,SOL,04-05-2021 23:59,4775715794,4231310399,459833604,427295562,68297642841,1.16E+12
258,Solana,SOL,05-05-2021 23:59,459277921,4231573602,4263723596,4492357516,5037819747,1.22E+12
259,Solana,SOL,06-05-2021 23:59,4497405216,4259158516,4497405216,4345567555,39149701792,1.18E+12
260,Solana,SOL,07-05-2021 23:59,4605956397,4143837305,4350265476,4315501855,51434460094,1.18E+12
261,Solana,SOL,08-05-2021 23:59,4663902655,4229801778,4315206692,4556153042,45105665456,1.24E+12
262,Solana,SOL,09-05-2021 23:59,471212139,4329694489,4561763117,4433019564,51060331156,1.21E+11
263,Solana,SOL,10-05-2021 23:59,4587750147,3955884763,4434209297,429096342,49952807574,1.17E+12
264,Solana,SOL,11-05-2021 23:59,4515120191,3976296959,4287227262,4457746773,47373133264,1.22E+12
265,Solana,SOL,12-05-2021 23:59,4897903539,4245731054,4459152554,4245731054,1.15E+11,1.16E+11
266,Solana,SOL,13-05-2021 23:59,4541709923,3752689336,4323508348,4099785093,1.02E+11,1.12E+12
267,Solana,SOL,14-05-2021 23:59,4479143686,399860526,4103451854,4271786492,50416771124,1.16E+12
268,Solana,SOL,15-05-2021 23:59,4539178963,393746057,4269994585,4346130814,5004457219,1.18E+11
269,Solana,SOL,16-05-2021 23:59,5250135077,4191549761,4340169344,4720082674,1.99E+11,1.29E+11
270,Solana,SOL,17-05-2021 23:59,5187603133,4330291605,4689802269,4686320579,1.95E+11,1.28E+11
271,Solana,SOL,18-05-2021 23:59,5830292665,4618755746,4666041775,5591096029,2.03E+11,1.52E+12
272,Solana,SOL,19-05-2021 23:59,5752577199,2942985979,5608925681,3510718335,2.77E+11,9.57E+11
273,Solana,SOL,20-05-2021 23:59,5125844794,3231814122,3504304516,4474274669,2.49E+11,1.22E+12
274,Solana,SOL,21-05-2021 23:59,4764559102,3383739606,4444725253,3881285182,1.77E+11,1.06E+12
275,Solana,SOL,22-05-2021 23:59,4000957894,312548617,3898837859,3131558234,10787517508,8.54E+11
276,Solana,SOL,23-05-2021 23:59,3243626905,1913983901,3122576685,246887481,1.93E+11,6.73E+11
277,Solana,SOL,24-05-2021 23:59,3209444973,2449832001,2449832001,3128357082,1.35E+11,8.53E+11
278,Solana,SOL,25-05-2021 23:59,3313012834,2610007356,3139634748,2999707775,90947030461,8.18E+11
279,Solana,SOL,26-05-2021 23:59,3723763519,2900855511,3004799113,3553981588,1.07E+11,9.69E+11
280,Solana,SOL,27-05-2021 23:59,3552704866,3112712917,3548244751,3358459127,64938905789,9.16E+11
281,Solana,SOL,28-05-2021 23:59,3450250599,2806714391,3367552514,290392767,60025558178,7.92E+11
282,Solana,SOL,29-05-2021 23:59,3002233806,2575094018,2900313033,2737642132,37685986634,7.46E+11
283,Solana,SOL,30-05-2021 23:59,2974925499,2565029323,2740831498,2860265892,35966170365,7.80E+11
284,Solana,SOL,31-05-2021 23:59,329835909,2752474505,2860424137,3281624582,53482650442,8.95E+11
285,Solana,SOL,01-06-2021 23:59,3328991653,2988017323,327708869,309852604,43205311717,8.45E+11
286,Solana,SOL,02-06-2021 23:59,3503815395,3043285658,3093523785,3395631637,49756741782,9.26E+11
287,Solana,SOL,03-06-2021 23:59,4114537983,3379223169,3401871593,3947090699,96005610614,1.08E+12
288,Solana,SOL,04-06-2021 23:59,3960986377,3431090061,3958130434,3741507138,1.06E+11,1.02E+12
289,Solana,SOL,05-06-2021 23:59,4282267205,3709911074,3741737934,3958540119,1.11E+11,1.08E+12
290,Solana,SOL,06-06-2021 23:59,4337719402,3896399696,3974912492,4230837824,79438736426,1.15E+12
291,Solana,SOL,07-06-2021 23:59,4410055822,380908398,4225367912,382623335,92315761383,1.04E+12
292,Solana,SOL,08-06-2021 23:59,4247828958,336854604,3825126869,4151781354,1.79E+11,1.13E+12
293,Solana,SOL,09-06-2021 23:59,439975669,3936863503,4127979305,4203177788,1.22E+11,1.15E+12
294,Solana,SOL,10-06-2021 23:59,4300490804,3959678412,4202403536,4109867281,59524668949,1.12E+12
295,Solana,SOL,11-06-2021 23:59,4131248445,3531117152,4111015538,360460873,51866660277,9.83E+11
296,Solana,SOL,12-06-2021 23:59,3761422297,3431815742,361643526,3644168945,54907041712,9.94E+11
297,Solana,SOL,13-06-2021 23:59,3935997513,3478298953,3651470765,3877043536,4529886744,1.06E+12
298,Solana,SOL,14-06-2021 23:59,4047652225,3681413418,3870452013,3871305293,47787146295,1.06E+11
299,Solana,SOL,15-06-2021 23:59,4175867325,3943581269,4053583999,4115364704,6052851434,1.12E+12
300,Solana,SOL,16-06-2021 23:59,4149630734,3750349898,3954534903,3970361677,57601690176,1.08E+12
301,Solana,SOL,17-06-2021 23:59,4123743184,3828608315,3968927099,3926459349,41777559991,1.07E+12
302,Solana,SOL,18-06-2021 23:59,394271292,3500401695,3926678549,3664879726,42416336882,9.99E+11
303,Solana,SOL,19-06-2021 23:59,3735458704,3498160715,3681910554,3535343464,26464075032,9.64E+11
304,Solana,SOL,20-06-2021 23:59,3592838763,3136209393,3523702572,3532201165,45258753123,9.63E+11
305,Solana,SOL,21-06-2021 23:59,3549761474,2594907889,3526143549,2665740024,76034454101,7.27E+11
306,Solana,SOL,22-06-2021 23:59,2871296813,2038044415,2659283132,2677185571,12585800611,7.30E+11
307,Solana,SOL,23-06-2021 23:59,3277296182,2569648454,2691294172,3004888728,1.11E+11,8.19E+11
308,Solana,SOL,24-06-2021 23:59,329913104,2854838485,3084607842,3118103477,64115036416,8.50E+11
309,Solana,SOL,25-06-2021 23:59,3290251437,2803508047,3116853053,2869886234,6320521774,7.82E+11
310,Solana,SOL,26-06-2021 23:59,3000703599,2671081442,2860789755,297128554,56034271032,8.10E+11
311,Solana,SOL,27-06-2021 23:59,3192939059,2927119729,2975264012,3192939059,49735328791,8.71E+11
312,Solana,SOL,28-06-2021 23:59,34243226,3103512722,3188082998,3292778164,47361213461,8.98E+11
313,Solana,SOL,29-06-2021 23:59,3578857772,3272668303,3300978597,3386680149,4718542791,9.23E+11
314,Solana,SOL,30-06-2021 23:59,3595472226,3160135067,3396297243,3555640607,5709841679,9.69E+11
315,Solana,SOL,01-07-2021 23:59,3553819144,3238627423,3550565339,3340403357,47466532076,9.11E+11
316,Solana,SOL,02-07-2021 23:59,3403178588,3147992402,3330630993,3402048201,44029877957,9.28E+11
317,Solana,SOL,03-07-2021 23:59,3540477019,3329847492,3401557504,3447881569,32701996378,9.40E+11
318,Solana,SOL,04-07-2021 23:59,3550237168,3355573709,3449511721,3431060133,30342051991,9.35E+11
319,Solana,SOL,05-07-2021 23:59,3446182386,3248269155,3428255049,3298458751,31383932249,8.99E+11
320,Solana,SOL,06-07-2021 23:59,3497831874,3293030657,3293030657,3426913971,36533604007,9.34E+11
